"lisper_35-26";1569
"lisper_25-21";1558
"lisper_40-1";1559
"lisper_10-71";1464
"lisper_15-76";1471
"lisper_20-11";1474
"lisper_25-26";1551
"lisper_5-86";1568
"lisper_5-6";1474
"lisper_35-76";1547
"lisper_35-41";1467
"lisper_20-31";1550
"lisper_10-91";1513
"lisper_5-61";1478
"lisper_35-1";1498
"lisper_30-41";1558
"lisper_20-21";1546
"lisper_25-6";1533
"lisper_30-1";1555
"lisper_25-91";1564
"lisper_5-56";1450
"lisper_25-61";1539
"lisper_20-46";1557
"lisper_10-51";1449
"lisper_15-46";1513
"lisper_25-41";1562
"lisper_35-16";1540
"lisper_25-16";1480
"lisper_5-46";1511
"lisper_5-26";1466
"lisper_30-91";1466
"lisper_30-21";1562
"lisper_25-11";1541
"lisper_50-16";1450
"lisper_25-76";1558
"lisper_30-26";1531
"lisper_40-11";1578
"lisper_10-76";1457
"lisper_15-61";1539
"lisper_5-31";1510
"lisper_40-16";1533
"lisper_45-1";1473
"lisper_5-91";1499
"lisper_25-1";1533
"lisper_45-76";1455
"lisper_15-21";1511
"lisper_5-36";1551
"lisper_20-76";1488
"lisper_10-46";1555
"lisper_25-46";1456
"lisper_20-16";1467
"lisper_10-31";1541
"lisper_5-71";1457
"lisper_25-56";1566
"lisper_5-11";1468
"lisper_30-6";1546
"lisper_20-91";1506
"lisper_15-1";1460
"lisper_40-26";1537
"lisper_5-51";1523
"lisper_20-26";1461
"lisper_20-41";1558
"lisper_45-16";1466
"lisper_30-76";1543
"lisper_10-41";1459
"lisper_15-91";1547
"lisper_20-6";1481
"lisper_40-6";1520
"lisper_5-1";1453
"lisper_10-26";1464
"lisper_30-56";1531
"lisper_35-11";1537
"lisper_15-11";1460
"lisper_15-6";1481
"lisper_5-41";1466
"lisper_30-11";1554
"lisper_10-61";1493
"lisper_35-6";1541
"lisper_10-56";1474
"lisper_40-76";1564
"lisper_20-56";1525
"lisper_20-61";1514
"lisper_30-16";1520
"lisper_15-41";1523
"lisper_10-36";1522
;
;1578
